{"cameraMode":{"drawMode":0,"name":"Shaded","section":"Shading Mode"},"sceneLighting":true,"audioPlay":false,"sceneViewState":{"showFog":true,"showMaterialUpdate":false,"showSkybox":true,"showFlares":true,"showImageEffects":true,"showParticleSystems":true},"in2DMode":false,"pivot":{"x":-2.261962890625,"y":2.9384765625,"z":0.6943359375},"rotation":{"x":0.0733863115310669,"y":0.0358966626226902,"z":-0.0026465340051800014,"w":0.9966597557067871},"size":6.662989616394043,"orthographic":true}