{"cameraMode":{"drawMode":0,"name":"Shaded","section":"Shading Mode"},"sceneLighting":true,"audioPlay":false,"sceneViewState":{"showFog":true,"showMaterialUpdate":false,"showSkybox":true,"showFlares":true,"showImageEffects":true,"showParticleSystems":true},"in2DMode":false,"pivot":{"x":6.733002185821533,"y":0.8066468238830566,"z":-0.7845538854598999},"rotation":{"x":0.1524035781621933,"y":0.0014824768295511604,"z":-0.00022860558237880468,"w":0.9883171319961548},"size":9.262144088745118,"orthographic":false}